,node_id,x_coord,y_coord
0,0,120.4409707,31.9174058
1,1,120.4403109,31.917295
2,3,120.5943333,31.8059099
3,5,120.5693824,31.8472728
4,6,120.5262161,31.8415321
5,7,120.5259649,31.8415337
6,8,120.5182457,31.8443376
7,9,120.576697,31.8044708
8,11,120.6062746,31.7984866
9,13,120.606757,31.7516998
10,14,120.6072141,31.7547312
11,15,120.6071513,31.7909851
12,18,120.5443181,31.8117267
13,19,120.5441239,31.8117424
14,20,120.527524,31.8132591
15,21,120.5273403,31.8132901
16,24,120.608318,31.7624561
17,25,120.608647,31.7661034
18,26,120.6086022,31.775938
19,28,120.605585,31.727644
20,29,120.6052319,31.7319735
21,33,120.6592204,31.7925552
22,34,120.6615062,31.7878304
23,37,120.7244755,31.9761958
24,38,120.7245629,31.9761273
25,39,120.7253812,31.974284
26,41,120.6613914,31.7730113
27,49,120.6077873,31.7942125
28,52,120.6069965,31.790987
29,54,120.6056146,31.7887742
30,58,120.6217843,31.7858887
31,59,120.6187068,31.7865658
32,60,120.6269896,31.7844841
33,61,120.6261875,31.7847219
34,63,120.6186867,31.7864543
35,64,120.6217468,31.7857869
36,65,120.6270404,31.784356
37,66,120.6327019,31.7824355
38,67,120.6262429,31.784591
39,72,120.6056124,31.7886726
40,78,120.6066419,31.7517049
41,79,120.6054825,31.7433775
42,80,120.6050956,31.738801
43,81,120.6071143,31.7547442
44,83,120.6084588,31.7759243
45,84,120.6084533,31.7655792
46,85,120.6080949,31.7619631
47,89,120.5972311,31.8184655
48,91,120.6031122,31.8083092
49,94,120.6065394,31.7973321
50,95,120.5969042,31.8186227
51,96,120.5832987,31.8095299
52,97,120.6061325,31.7984303
53,100,120.5963647,31.8191606
54,101,120.6062561,31.7969739
55,102,120.5962952,31.819674
56,108,120.6626152,31.844707
57,110,120.662145,31.8002015
58,111,120.6621656,31.8003079
59,114,120.6569265,31.7737596
60,115,120.6574189,31.7736527
61,118,120.6331701,31.7822592
62,119,120.6385214,31.7801229
63,120,120.6476904,31.7267179
64,121,120.6479628,31.727155
65,123,120.6640103,31.7539892
66,126,120.662595,31.819124
67,127,120.6626013,31.8191989
68,129,120.6621023,31.7705814
69,130,120.6608973,31.7706803
70,132,120.6645293,31.7777466
71,133,120.6645381,31.7785765
72,134,120.6645067,31.7788936
73,139,120.6579941,31.7319354
74,142,120.6569326,31.7738716
75,143,120.6557378,31.774143
76,147,120.6574304,31.7738184
77,148,120.6569355,31.7739253
78,152,120.6331988,31.7823648
79,153,120.6327315,31.7825407
80,157,120.6927874,31.9061067
81,158,120.6966469,31.9097166
82,159,120.6967357,31.9097997
83,166,120.68695,31.8996523
84,169,120.6638864,31.7540116
85,174,120.662094,31.7704941
86,179,120.6643611,31.7788383
87,180,120.6643801,31.7785842
88,181,120.6643601,31.7719975
89,183,120.6538954,31.7745099
90,186,120.6624729,31.8192011
91,187,120.6624663,31.8191283
92,189,120.6390273,31.7800403
93,192,120.6581356,31.7320061
94,197,120.6637578,31.7666525
95,198,120.6638366,31.766425
96,201,120.6742954,31.8711904
97,202,120.6753758,31.8731161
98,203,120.6754302,31.8732326
99,204,120.6792499,31.8829884
100,205,120.6792892,31.8831421
101,206,120.6791857,31.8831955
102,207,120.6791393,31.8830435
103,208,120.67532,31.8733024
104,209,120.6752685,31.8731923
105,210,120.6741713,31.8712445
106,212,120.6871378,31.8997233
107,217,120.6588732,31.7711271
108,218,120.6603491,31.7730796
109,219,120.6559309,31.7363766
110,221,120.7303086,31.9813606
111,222,120.7288424,31.9800424
112,223,120.7281054,31.9793932
113,224,120.7215417,31.9734415
114,226,120.6643787,31.7704981
115,227,120.6620242,31.8002387
116,228,120.6620043,31.8001274
117,231,120.6390816,31.7798986
118,232,120.6566984,31.7376914
119,233,120.6565916,31.7363819
120,234,120.6566447,31.7360032
121,238,120.6626559,31.8434651
122,241,120.6628229,31.8284639
123,242,120.6628072,31.8288628
124,246,120.6638099,31.8514864
125,247,120.696655,31.9098589
126,248,120.6965619,31.9097718
127,249,120.6927359,31.906192
128,250,120.6567715,31.7363836
129,252,120.6642401,31.8535596
130,253,120.6384564,31.7802695
131,255,120.658119,31.7716476
132,256,120.6574262,31.7737583
133,257,120.6626516,31.828872
134,258,120.6626621,31.8284648
135,264,120.728769,31.971738
136,265,120.7304392,31.970471
137,267,120.7287026,31.9791806
138,268,120.7291849,31.971943
139,273,120.7436311,31.9583535
140,276,120.7435065,31.9583237
141,278,120.7419569,31.9611437
142,279,120.7293076,31.9720035
143,280,120.7288393,31.9791504
144,282,120.7430658,31.959928
145,283,120.7429444,31.9600761
146,286,120.7435319,31.959419
147,287,120.7282093,31.9793398
148,288,120.7120639,31.9646993
149,289,120.6686876,31.9174284
150,290,120.6647121,31.9206581
151,291,120.6642944,31.9208795
152,292,120.637486,31.8261285
153,293,120.6406666,31.8188701
154,294,120.6407154,31.8187638
155,296,120.697147,31.9509927
156,297,120.6845426,31.9394159
157,298,120.6258788,31.8622774
158,299,120.6275848,31.8588026
159,300,120.6627305,31.9194199
160,301,120.6630361,31.9192328
161,302,120.6689233,31.9170546
162,303,120.6404371,31.8836735
163,304,120.635992,31.877259
164,305,120.6625536,31.9192565
165,306,120.6359536,31.8771811
166,308,120.6296388,31.8404027
167,311,120.697241,31.9510792
168,312,120.6639885,31.9205995
169,313,120.6645132,31.9206896
170,314,120.6406067,31.8838793
171,315,120.6515816,31.9091375
172,316,120.6417922,31.8982693
173,317,120.6413691,31.8977177
174,318,120.6645992,31.9211563
175,319,120.6412901,31.8976163
176,321,120.6516692,31.9092193
177,324,120.6281092,31.8530736
178,326,120.6657338,31.9188622
179,327,120.6630952,31.9192884
180,328,120.6627579,31.9194517
181,329,120.628422,31.8620001
182,332,120.6359389,31.8600968
183,333,120.6579389,31.7961605
184,335,120.640797,31.8187691
185,336,120.6407522,31.8188674
186,337,120.7119722,31.9646149
187,338,120.6277057,31.8576726
188,339,120.6279758,31.8530758
189,340,120.6467803,31.8096101
190,342,120.6356207,31.8293941
191,343,120.6357938,31.8291234
192,344,120.6843008,31.9391938
193,347,120.6280651,31.858759
194,348,120.6246812,31.8632397
195,349,120.624186,31.863196
196,350,120.6247061,31.8630093
197,351,120.6260718,31.8626174
198,352,120.6642572,31.9208478
199,353,120.6658029,31.9190237
200,354,120.6510715,31.8053871
201,355,120.6568969,31.7983894
202,356,120.6569618,31.7983114
203,357,120.6579269,31.7962861
204,359,120.6630657,31.9197389
205,360,120.6360608,31.8602254
206,361,120.650097,31.9243869
207,362,120.6469466,31.9210869
208,366,120.70149,31.7605531
209,368,120.7055367,31.7580831
210,369,120.7058788,31.7578851
211,388,120.7015236,31.7604051
212,401,120.7023981,31.7598991
213,402,120.7057082,31.7581114
214,403,120.7023651,31.7600466
215,410,120.706052,31.7579124
216,413,120.6600747,31.8490846
217,415,120.6273271,31.8625419
218,417,120.6592302,31.8493003
219,421,120.6272827,31.8624184
220,423,120.7058796,31.8234915
221,424,120.7057163,31.823589
222,432,120.7057163,31.8233977
223,433,120.7058579,31.8233165
224,437,120.6673481,31.8464905
225,439,120.6157972,31.8656157
226,440,120.6103502,31.8671039
227,447,120.7225242,31.8155838
228,452,120.6675628,31.8462514
229,458,120.7610814,31.8556068
230,463,120.7306062,31.8801265
231,464,120.7304066,31.8802514
232,466,120.6104926,31.9441483
233,467,120.6109898,31.9438505
234,468,120.6110937,31.9437878
235,469,120.6115059,31.9435858
236,474,120.6430019,31.9297205
237,480,120.6865456,31.9052282
238,481,120.6894894,31.9030201
239,482,120.6898314,31.9027834
240,483,120.6934061,31.9004075
241,486,120.6791069,31.9112082
242,487,120.6789922,31.9112839
243,494,120.6787924,31.9111058
244,495,120.6789097,31.9110286
245,498,120.7609523,31.8554073
246,502,120.6115313,31.9437335
247,503,120.6112102,31.9439062
248,504,120.611085,31.94397
249,505,120.6106416,31.9441955
250,506,120.7729803,31.8393055
251,508,120.7468084,31.8654253
252,509,120.7469564,31.8653128
253,510,120.7470667,31.8655563
254,511,120.5962965,31.9504199
255,512,120.5961566,31.9504764
256,513,120.589254,31.9530059
257,514,120.5890935,31.9530655
258,517,120.5584594,31.9605851
259,518,120.5586426,31.9605576
260,519,120.5704134,31.9586153
261,520,120.5705788,31.9585786
262,522,120.6935635,31.9006036
263,523,120.6900994,31.9028036
264,524,120.6896497,31.9031151
265,525,120.6862611,31.9056545
266,527,120.7302841,31.8800813
267,528,120.7304095,31.879987
268,529,120.5273971,31.8131011
269,532,120.5161804,31.8771053
270,533,120.5163538,31.8770569
271,534,120.5219813,31.8752953
272,535,120.5221875,31.8752393
273,538,120.5037215,31.8722281
274,539,120.5038444,31.8721866
275,540,120.5139966,31.8692251
276,541,120.5141472,31.8691908
277,542,120.5191684,31.8681641
278,543,120.5193278,31.8681289
279,545,120.5164296,31.8530605
280,546,120.5164542,31.853172
281,547,120.5128825,31.8623437
282,548,120.5128512,31.8625266
283,549,120.5141693,31.8692635
284,551,120.5863811,31.8731806
285,552,120.5854371,31.8675544
286,553,120.5854081,31.867379
287,554,120.584864,31.8640614
288,555,120.5764609,31.8701693
289,556,120.5762544,31.8702186
290,557,120.5648329,31.8734855
291,558,120.5646606,31.8735367
292,560,120.4539463,31.8727375
293,561,120.4591744,31.871119
294,562,120.4901253,31.8615698
295,563,120.4944762,31.8616622
296,566,120.5510062,31.8692297
297,567,120.5509809,31.8691657
298,568,120.5448482,31.8609658
299,569,120.5025279,31.8627852
300,570,120.5039267,31.872397
301,572,120.5908941,31.8246321
302,575,120.4784197,31.9563717
303,576,120.478632,31.9570238
304,577,120.4787845,31.9576756
305,578,120.48554,31.9877818
306,579,120.4593214,31.8711086
307,580,120.4592368,31.8713145
308,581,120.4561828,31.8938826
309,582,120.4578941,31.9071262
310,583,120.4588506,31.910028
311,584,120.4595514,31.9116842
312,585,120.4603903,31.913425
313,586,120.46393,31.9207603
314,587,120.5913984,31.7416355
315,588,120.5683743,31.7532817
316,589,120.5860124,31.7984048
317,590,120.58144,31.797524
318,591,120.5877409,31.8004903
319,593,120.5843906,31.7946727
320,595,120.5847707,31.7957626
321,597,120.5878057,31.7931504
322,602,120.58816,31.801111
323,603,120.5777817,31.79841
324,604,120.5815756,31.7963739
325,605,120.587724,31.794185
326,608,120.5781396,31.7984832
327,612,120.5911088,31.7923886
328,613,120.5832112,31.7918266
329,615,120.5865079,31.7979481
330,616,120.5920597,31.7921406
331,617,120.5826193,31.7922382
332,618,120.5812721,31.7891331
333,626,120.5414051,31.8065616
334,627,120.5358352,31.807895
335,628,120.5275765,31.8104535
336,643,120.5519352,31.7873859
337,644,120.5516673,31.7952683
338,647,120.5419614,31.8206738
339,650,120.5471367,31.8055327
340,651,120.5460813,31.8078576
341,652,120.5454428,31.8092646
342,653,120.5443468,31.8116413
343,656,120.5417892,31.8206842
344,659,120.5441668,31.8116457
345,660,120.5446204,31.8106233
346,661,120.5463521,31.8068013
347,664,120.5627257,31.8101889
348,665,120.5627221,31.8102745
349,666,120.5637184,31.8193864
350,667,120.5650048,31.8309307
351,668,120.5650161,31.8310568
352,669,120.5658039,31.8394905
353,677,120.5515919,31.7952371
354,678,120.5516568,31.7949798
355,679,120.5508932,31.7972962
356,680,120.5409921,31.8415986
357,681,120.5410157,31.8413865
358,682,120.541045,31.8404435
359,683,120.5412997,31.8320361
360,684,120.541295,31.8318305
361,685,120.5415399,31.831812
362,686,120.5415399,31.8320136
363,687,120.5412577,31.8393837
364,688,120.5412212,31.8413833
365,689,120.5412103,31.8415938
366,695,120.5402225,31.8086115
367,696,120.5424722,31.8062469
368,699,120.5384631,31.8071172
369,700,120.5405915,31.8086296
370,707,120.5434038,31.8086821
371,708,120.5434467,31.8085962
372,710,120.5452225,31.8106686
373,711,120.5801387,31.8197051
374,712,120.5635939,31.8193957
375,713,120.5544252,31.8199605
376,714,120.5283064,31.8215096
377,715,120.528209,31.8215113
378,717,120.5940898,31.8215441
379,718,120.6045064,31.8227104
380,719,120.5903476,31.8248257
381,722,120.5920413,31.8233981
382,723,120.5992293,31.8264737
383,724,120.5956989,31.8245915
384,726,120.5930198,31.8260331
385,727,120.5895417,31.8257332
386,728,120.5917341,31.8240797
387,729,120.5928069,31.8259593
388,731,120.5956632,31.8245266
389,732,120.5994171,31.8264871
390,735,120.5845805,31.8286569
391,737,120.5972032,31.8223211
392,739,120.5967725,31.8218357
393,741,120.6000245,31.8227701
394,742,120.5944286,31.8219033
395,743,120.5939436,31.8216808
396,749,120.5844691,31.8285997
397,762,120.6029344,31.8090848
398,766,120.6127225,31.8580319
399,768,120.6096062,31.8648694
400,771,120.6108771,31.8618225
401,772,120.6143703,31.864001
402,774,120.6146853,31.8645228
403,778,120.6110655,31.8615665
404,779,120.6118379,31.856035
405,802,120.6095165,31.8649394
406,803,120.4189067,31.9296429
407,804,120.4297685,31.9245295
408,805,120.4298827,31.9244544
409,807,120.6143949,31.8658406
410,808,120.5793622,31.7849464
411,810,120.5792489,31.7851375
412,815,120.5844107,31.8949552
413,816,120.5842254,31.8950104
414,817,120.5834947,31.8951968
415,818,120.5710775,31.8983938
416,819,120.5709099,31.8984385
417,821,120.5190807,31.9083222
418,822,120.5273549,31.9075827
419,823,120.5274399,31.9075633
420,824,120.5392582,31.9055233
421,825,120.5394026,31.9054983
422,827,120.5640042,31.9003076
423,829,120.5622639,31.8935671
424,830,120.5622472,31.8933598
425,831,120.5560301,31.8808384
426,832,120.5541394,31.8765118
427,833,120.5537781,31.8949335
428,835,120.5819693,31.8881281
429,836,120.5817818,31.8881841
430,837,120.5695489,31.8915818
431,838,120.5693221,31.8916485
432,842,120.5641441,31.9002697
433,843,120.6106912,31.943461
434,845,120.5764369,31.8700369
435,846,120.5769932,31.8731035
436,847,120.5773214,31.8747482
437,848,120.5777078,31.8762125
438,849,120.5784793,31.8783699
439,850,120.581905,31.8879483
440,851,120.584377,31.8948612
441,852,120.5846651,31.8956661
442,853,120.577003,31.8760192
443,854,120.5775473,31.876225
444,855,120.5780614,31.875701
445,856,120.5783356,31.8784745
446,857,120.5749881,31.8765478
447,858,120.5804996,31.8750602
448,859,120.5771327,31.8747761
449,860,120.5771445,31.8758713
450,861,120.5749133,31.8764246
451,862,120.5767962,31.8731523
452,863,120.5779461,31.875664
453,864,120.5799729,31.8751197
454,865,120.5673039,31.8458436
455,866,120.5672094,31.8457822
456,867,120.5598672,31.8503481
457,868,120.6083939,31.9712904
458,869,120.5961077,31.95035
459,871,120.5612636,31.86651
460,873,120.5657,31.8792682
461,874,120.5665928,31.8801791
462,875,120.5667619,31.8809017
463,876,120.5644677,31.8796048
464,877,120.5668682,31.8801048
465,878,120.5668056,31.8789634
466,879,120.5677812,31.8786612
467,880,120.5670379,31.8808484
468,881,120.5634587,31.8796586
469,882,120.5659946,31.8782322
470,883,120.5663225,31.8777985
471,884,120.5688168,31.8780019
472,885,120.5542425,31.8764819
473,886,120.5561591,31.8807953
474,887,120.5570094,31.8825462
475,888,120.5623855,31.8933265
476,889,120.5624286,31.8935329
477,890,120.5587764,31.8813727
478,891,120.5580438,31.8822119
479,893,120.5694955,31.8913571
480,894,120.5710526,31.8982883
481,898,120.5610949,31.8665662
482,900,120.5835289,31.855636
483,901,120.5839778,31.8502126
484,902,120.5839828,31.850068
485,903,120.5834735,31.8430383
486,904,120.5134851,31.8925657
487,905,120.5118685,31.8911275
488,906,120.5131711,31.8899762
489,907,120.5148677,31.8921417
490,908,120.5128723,31.8937654
491,909,120.5129347,31.8937457
492,910,120.5136289,31.8928081
493,911,120.5150397,31.8923658
494,912,120.5129837,31.8938607
495,913,120.512919,31.8938781
496,914,120.5116095,31.8508926
497,915,120.5210558,31.8551487
498,916,120.5211747,31.8552043
499,917,120.545137,31.8849198
500,918,120.5460161,31.8841224
501,919,120.546313,31.8839281
502,920,120.5464698,31.8842651
503,921,120.5462563,31.8841892
504,922,120.5456937,31.8848213
505,923,120.5458692,31.8850392
506,924,120.5467963,31.885116
507,925,120.5469129,31.8850784
508,926,120.546458,31.8840003
509,927,120.5463815,31.8840758
510,928,120.5464894,31.8840637
511,929,120.5470012,31.8853113
512,930,120.5468926,31.8853497
513,931,120.5600402,31.8612607
514,932,120.5578235,31.8538402
515,933,120.5577753,31.8536502
516,934,120.5576635,31.8531748
517,935,120.5636939,31.8437105
518,937,120.5736154,31.8369514
519,939,120.5114113,31.8509026
520,940,120.5114718,31.8508195
521,941,120.5181389,31.8442115
522,942,120.5601535,31.8612369
523,943,120.561239,31.8664568
524,944,120.5454052,31.885118
525,946,120.543172,31.8794388
526,947,120.5430694,31.8792634
527,948,120.5026868,31.8626178
528,949,120.5127195,31.8623556
529,951,120.4955245,31.8620273
530,952,120.4902338,31.8618057
531,953,120.459099,31.8713599
532,954,120.4539419,31.8729522
533,955,120.5261643,31.8612794
534,956,120.5259974,31.8613008
535,957,120.5201506,31.8620508
536,958,120.5199967,31.8620665
537,959,120.5261498,31.8612037
538,960,120.5318259,31.8615497
539,961,120.5319265,31.8615406
540,962,120.5431253,31.8606676
541,963,120.5433574,31.8606934
542,966,120.5432469,31.8607965
543,967,120.5431771,31.8607891
544,968,120.5319932,31.8615829
545,969,120.5318987,31.8615957
546,970,120.5448625,31.8608611
547,971,120.5510658,31.8691386
548,972,120.5510926,31.8692068
549,974,120.5272793,31.8661086
550,975,120.5273082,31.866188
551,976,120.5289076,31.8731998
552,977,120.5289249,31.8732709
553,978,120.529762,31.8774048
554,979,120.5297788,31.8774776
555,982,120.5295252,31.8513196
556,984,120.5359597,31.8655299
557,985,120.5403844,31.8709101
558,986,120.5404353,31.8709503
559,988,120.5266711,31.8586498
560,989,120.5265362,31.8585688
561,990,120.5211459,31.8553391
562,991,120.5209966,31.855257
563,992,120.5163003,31.8531029
564,993,120.5115482,31.8509667
565,994,120.5238086,31.8792976
566,995,120.5238322,31.8793643
567,996,120.5255322,31.8822768
568,998,120.5191932,31.8682641
569,999,120.5200194,31.8618765
570,1000,120.5267547,31.8585469
571,1002,120.5253392,31.8516637
572,1003,120.5251113,31.8517806
573,1004,120.5201886,31.8618605
574,1005,120.5193349,31.8682375
575,1008,120.5237336,31.8794049
576,1009,120.5175556,31.8813747
577,1010,120.5174332,31.8814131
578,1013,120.5173872,31.881295
579,1014,120.5175243,31.8812508
580,1015,120.523693,31.8793375
581,1017,120.5433466,31.8793808
582,1018,120.5404393,31.8802317
583,1019,120.5542047,31.8763955
584,1020,120.56462,31.8734165
585,1021,120.5647892,31.8733692
586,1022,120.5762318,31.8700942
587,1023,120.5358766,31.8655197
588,1028,120.558712,31.9607383
589,1031,120.5314611,31.8825956
590,1032,120.5315458,31.8827394
591,1033,120.5330522,31.8866616
592,1035,120.5585342,31.960758
593,1036,120.5550204,31.9522433
594,1037,120.5549812,31.9521412
595,1040,120.5393335,31.9055992
596,1041,120.5329635,31.886891
597,1042,120.5328712,31.886711
598,1045,120.5295829,31.8775397
599,1046,120.5295675,31.8774678
600,1047,120.5287189,31.8733506
601,1051,120.5259803,31.8612231
602,1052,120.5266194,31.8584663
603,1053,120.5279581,31.8565635
604,1054,120.5280619,31.8564158
605,1055,120.5250392,31.8516619
606,1059,120.5252618,31.8515681
607,1060,120.5282658,31.8564928
608,1061,120.5281683,31.8566506
609,1064,120.5278651,31.8328602
610,1065,120.5278612,31.832952
611,1066,120.5275197,31.8383216
612,1067,120.526264,31.8413727
613,1071,120.4964678,31.8981907
614,1072,120.4926997,31.8993672
615,1073,120.4666264,31.9071063
616,1078,120.5115537,31.8903232
617,1079,120.5116037,31.8904481
618,1080,120.5119995,31.891473
619,1081,120.5176651,31.9050622
620,1082,120.5196424,31.9099432
621,1083,120.5176169,31.9050802
622,1084,120.5119328,31.8914971
623,1085,120.5115102,31.8904769
624,1086,120.5114586,31.8903523
625,1089,120.5197339,31.9099513
626,1091,120.5198183,31.8877934
627,1092,120.5199529,31.8877382
628,1093,120.5266208,31.8847169
629,1094,120.5267057,31.884678
630,1097,120.5088679,31.8842079
631,1098,120.5088188,31.8840943
632,1099,120.507141,31.8802197
633,1100,120.5070726,31.8800261
634,1102,120.5590603,31.8426538
635,1104,120.5402696,31.8710066
636,1105,120.528716,31.8732526
637,1106,120.5270987,31.8662358
638,1107,120.5270836,31.8661543
639,1108,120.531315,31.8826606
640,1109,120.5432829,31.8792026
641,1112,120.5267775,31.8848037
642,1113,120.5266832,31.8848397
643,1114,120.519998,31.8878769
644,1115,120.5198717,31.8879263
645,1117,120.5313751,31.8827849
646,1120,120.5635705,31.843665
647,1122,120.5460606,31.9624046
648,1123,120.5439552,31.9545272
649,1124,120.5439053,31.95436
650,1125,120.5296732,31.9191956
651,1126,120.520756,31.8903068
652,1127,120.5208804,31.8902543
653,1128,120.5290702,31.8877607
654,1131,120.5140234,31.8692967
655,1132,120.5127117,31.8625353
656,1134,120.5023967,31.862777
657,1135,120.5707746,31.8633925
658,1136,120.5749687,31.8626598
659,1137,120.5751027,31.8626296
660,1138,120.5842979,31.860702
661,1141,120.570784,31.8634679
662,1143,120.5563321,31.8502095
663,1144,120.5580496,31.8512512
664,1145,120.5579569,31.8522664
665,1146,120.5548527,31.8491037
666,1147,120.5412912,31.8496304
667,1148,120.5411024,31.849633
668,1151,120.563666,31.8435459
669,1152,120.5637966,31.8435947
670,1153,120.5665642,31.845184
671,1154,120.5672873,31.8456973
672,1155,120.5673943,31.8457616
673,1156,120.5685284,31.8466162
674,1157,120.6064764,31.8679903
675,1158,120.389822,31.9560766
676,1159,120.3943468,31.9583242
677,1160,120.409395,31.9322226
678,1161,120.4044448,31.9337458
679,1162,120.4002756,31.9348064
680,1163,120.441387,31.9449901
681,1164,120.4405416,31.9610061
682,1165,120.4458029,31.9253654
683,1166,120.4484744,31.9321666
684,1167,120.4484892,31.932238
685,1174,120.4517685,31.95368
686,1175,120.4519114,31.9546585
687,1176,120.4519381,31.954822
688,1177,120.4520793,31.9557293
689,1178,120.4500777,31.9647772
690,1179,120.4500475,31.9648895
691,1181,120.4213517,31.949514
692,1182,120.4214851,31.9495969
693,1183,120.4122586,31.9495928
694,1184,120.4122789,31.9496626
695,1185,120.4136119,31.9570538
696,1186,120.4136312,31.9571697
697,1188,120.5887445,31.9072118
698,1189,120.5886205,31.9072439
699,1190,120.5750077,31.9113345
700,1191,120.5748473,31.911358
701,1198,120.4028659,31.9071256
702,1199,120.4031548,31.90747
703,1200,120.5251265,31.9241009
704,1201,120.5250647,31.9241207
705,1202,120.5240958,31.9245072
706,1205,120.4455167,31.9248954
707,1208,120.404309,31.9334452
708,1209,120.4044146,31.9336828
709,1212,120.415604,31.9306516
710,1214,120.4057138,31.9574847
711,1215,120.4066804,31.9573453
712,1216,120.4097107,31.944439
713,1217,120.4109653,31.946795
714,1218,120.4070008,31.9572735
715,1221,120.3914544,31.9385378
716,1222,120.3915332,31.938855
717,1223,120.4413495,31.9438195
718,1225,120.4411746,31.9438711
719,1229,120.5235035,31.9247375
720,1230,120.4719059,31.9947911
721,1231,120.4717287,31.9943002
722,1232,120.4717009,31.9941945
723,1233,120.4525004,31.9654276
724,1234,120.4042771,31.9333766
725,1236,120.470293,31.9551985
726,1237,120.4702489,31.9551899
727,1239,120.391749,31.9377634
728,1240,120.3912354,31.937993
729,1241,120.3906749,31.9382626
730,1242,120.3746612,31.9442993
731,1246,120.3990955,31.9560891
732,1247,120.3990062,31.9561155
733,1249,120.4703506,31.9549927
734,1251,120.4920371,31.9380914
735,1254,120.3914437,31.9385124
736,1256,120.4398275,31.9623953
737,1257,120.4402646,31.9624937
738,1258,120.4499522,31.9647467
739,1259,120.4520565,31.9652428
740,1260,120.4304694,31.924221
741,1261,120.4302993,31.925077
742,1262,120.4395032,31.9132643
743,1263,120.4407206,31.9168728
744,1264,120.4408088,31.9169839
745,1265,120.4410041,31.9173399
746,1266,120.443923,31.9219787
747,1267,120.439789,31.9625544
748,1268,120.4301672,31.9251679
749,1269,120.4293339,31.9249994
750,1270,120.4402037,31.9626492
751,1271,120.3911636,31.9378438
752,1272,120.3741566,31.9444261
753,1273,120.3588927,31.9467774
754,1274,120.4376454,31.9370564
755,1275,120.4376135,31.9369961
756,1276,120.4783729,31.956879
757,1277,120.4781874,31.9563515
758,1279,120.4527606,31.9546883
759,1280,120.3998422,31.9582633
760,1281,120.4060948,31.9372
761,1282,120.408302,31.9417702
762,1283,120.4528832,31.9548488
763,1284,120.4330197,31.9296434
764,1285,120.4329611,31.9295424
765,1286,120.4298423,31.9246508
766,1287,120.4216381,31.937038
767,1288,120.4216008,31.9369783
768,1289,120.4189446,31.9298517
769,1290,120.4299702,31.9245632
770,1291,120.4330984,31.9294651
771,1292,120.4331348,31.9295494
772,1293,120.3753486,31.9477067
773,1294,120.3828005,31.9512711
774,1295,120.4377417,31.9368949
775,1296,120.4377806,31.9369682
776,1297,120.4438573,31.9221665
777,1298,120.4217415,31.9369774
778,1300,120.3993694,31.9349008
779,1301,120.4100775,31.9318779
780,1302,120.4191404,31.9297856
781,1303,120.4217492,31.9368847
782,1304,120.4209478,31.9511605
783,1305,120.4207617,31.9565887
784,1307,120.5802048,31.9224741
785,1308,120.5802596,31.9225815
786,1309,120.5820986,31.9262447
787,1310,120.582169,31.9263699
788,1314,120.5708833,31.8983328
789,1315,120.5692454,31.8914226
790,1323,120.4589364,31.9094051
791,1324,120.4582126,31.9096195
792,1325,120.4552087,31.9105093
793,1326,120.4544473,31.9107349
794,1329,120.4544148,31.9105512
795,1330,120.4555086,31.910224
796,1331,120.4582352,31.9094083
797,1334,120.4665604,31.9069011
798,1336,120.4906372,31.899664
799,1337,120.4933732,31.8988397
800,1338,120.4660578,31.9072764
801,1339,120.4617921,31.9085562
802,1340,120.4621326,31.9082384
803,1341,120.4659112,31.9070951
804,1342,120.4497129,31.9123667
805,1343,120.447177,31.9134183
806,1344,120.444341,31.9148603
807,1345,120.4412801,31.9166896
808,1346,120.4407471,31.9170225
809,1347,120.4406546,31.9169168
810,1348,120.4454026,31.9141052
811,1349,120.4495355,31.9122553
812,1350,120.4502233,31.9119747
813,1351,120.4662626,31.9075859
814,1354,120.4498044,31.9126343
815,1355,120.4473331,31.9136742
816,1356,120.3741112,31.9442535
817,1358,120.4555415,31.915254
818,1359,120.4559463,31.9150884
819,1360,120.4446108,31.9151419
820,1361,120.3745937,31.9441536
821,1362,120.4452966,31.9136243
822,1363,120.3745695,31.9437297
823,1364,120.449812,31.9117117
824,1365,120.4507428,31.9111674
825,1366,120.3745236,31.9450701
826,1367,120.4601879,31.9134702
827,1368,120.4844297,31.9058113
828,1369,120.6009395,31.974069
829,1370,120.6084996,31.971251
830,1371,120.6102281,31.9704564
831,1372,120.6378363,31.9806168
832,1373,120.6610807,31.983809
833,1374,120.6842012,31.9391027
834,1375,120.7052687,31.9246557
835,1376,120.661243,31.9837166
836,1377,120.7055292,31.9244473
837,1378,120.6618313,31.9833988
838,1379,120.6630346,31.9827019
839,1380,120.4525366,31.965352
840,1383,120.5993424,31.9746543
841,1384,120.4520237,31.9653176
842,1385,120.5595172,31.9917058
843,1386,120.5597912,31.9915571
844,1387,120.4499109,31.9648616
845,1389,120.4718155,31.9942121
846,1390,120.5705747,31.9877125
847,1391,120.5707684,31.9876929
848,1392,120.6113814,31.9443523
849,1393,120.6114589,31.9442504
850,1394,120.5519834,31.9950269
851,1395,120.552037,31.9950147
852,1396,120.6108045,31.9434122
853,1399,120.7116588,31.820288
854,1400,120.7137699,31.8193102
855,1401,120.7235041,31.8149644
856,1402,120.7060022,31.8055548
857,1403,120.7058287,31.8055021
858,1404,120.7014076,31.8041765
859,1405,120.6929976,31.8030729
860,1406,120.6860784,31.9180345
861,1407,120.6861661,31.9181197
862,1409,120.6860452,31.9182051
863,1410,120.6859552,31.9181174
864,1411,120.6911287,31.9036287
865,1413,120.6918969,31.9051372
866,1414,120.7632114,31.9158283
867,1419,120.6422484,31.8979605
868,1424,120.7266674,31.874384
869,1425,120.6878455,31.9005057
870,1428,120.7055944,31.8220659
871,1429,120.6612793,31.883475
872,1430,120.6615103,31.8832889
873,1431,120.7466158,31.8923251
874,1432,120.7460377,31.8927855
875,1435,120.6633961,31.80088
876,1439,120.7231922,31.9759164
877,1440,120.7239324,31.9753561
878,1441,120.7268209,31.8742924
879,1445,120.7125801,31.8487307
880,1446,120.7125163,31.8485993
881,1450,120.6878324,31.9009145
882,1451,120.6784441,31.8055265
883,1452,120.6785254,31.8055516
884,1454,120.6916316,31.9052466
885,1455,120.6760957,31.7580776
886,1456,120.7425156,31.8957935
887,1457,120.7249242,31.9091357
888,1459,120.6893401,31.9023547
889,1460,120.6901789,31.9032947
890,1462,120.705514,31.8115118
891,1465,120.6899851,31.9034206
892,1466,120.6894,31.902765
893,1467,120.7053357,31.811456
894,1469,120.6784532,31.8055894
895,1470,120.6784464,31.8009274
896,1471,120.6784507,31.7958765
897,1472,120.7102174,31.8205155
898,1473,120.711859,31.81983
899,1474,120.7443212,31.9585601
900,1475,120.754469,31.9477312
901,1476,120.5657476,31.8396471
902,1477,120.5634693,31.8439007
903,1479,120.5968528,31.8705945
904,1484,120.5969117,31.8707764
905,1485,120.5965382,31.8708596
906,1487,120.5991197,31.870003
907,1488,120.6003516,31.8696749
908,1489,120.6011596,31.8696292
909,1490,120.5989424,31.8702283
910,1491,120.6000086,31.8704216
911,1492,120.6165054,31.8301319
912,1493,120.5971767,31.8321712
913,1494,120.5970397,31.8321832
914,1495,120.5889152,31.8322386
915,1496,120.5889104,31.8320749
916,1497,120.5970234,31.8320317
917,1498,120.5971484,31.8320163
918,1499,120.6139607,31.8300799
919,1501,120.6104721,31.970318
920,1503,120.5843034,31.8318677
921,1505,120.5200222,31.9112716
922,1506,120.6187173,31.9660602
923,1507,120.6188343,31.9660005
924,1508,120.5972102,31.8945424
925,1509,120.597708,31.894417
926,1511,120.5862853,31.8318661
927,1512,120.5788658,31.9353632
928,1513,120.5790255,31.9356354
929,1514,120.6020723,31.8704495
930,1515,120.6017878,31.8691647
931,1517,120.5896017,31.9317635
932,1518,120.5857865,31.9334037
933,1519,120.5856331,31.9334674
934,1520,120.5793996,31.9361063
935,1521,120.5792314,31.9361782
936,1523,120.5752125,31.9292501
937,1524,120.57525,31.9293124
938,1525,120.6016555,31.868585
939,1526,120.6001257,31.8582549
940,1527,120.6001145,31.8581722
941,1528,120.5990934,31.8498578
942,1529,120.5990771,31.8497241
943,1531,120.6238417,31.8298939
944,1532,120.6236749,31.8298859
945,1535,120.5791494,31.9360411
946,1536,120.5793366,31.935963
947,1537,120.5855677,31.9333646
948,1538,120.5857224,31.9333001
949,1539,120.5895208,31.9316519
950,1540,120.5991801,31.849718
951,1541,120.5991854,31.8498634
952,1542,120.6002142,31.8581651
953,1543,120.6002247,31.8582482
954,1544,120.6019003,31.8691506
955,1545,120.599658,31.8694089
956,1546,120.625268,31.9627192
957,1547,120.6254158,31.9626438
958,1548,120.5889845,31.9528703
959,1549,120.5853481,31.9466043
960,1550,120.5852421,31.9464402
961,1551,120.6045121,31.8931378
962,1552,120.6050448,31.8932039
963,1553,120.6102601,31.8933592
964,1554,120.6104307,31.8933732
965,1555,120.6253335,31.8958557
966,1556,120.6384277,31.8982289
967,1557,120.585398,31.9463608
968,1558,120.5921233,31.9440122
969,1559,120.5922984,31.9439604
970,1560,120.6012637,31.9401666
971,1562,120.5997765,31.9270506
972,1563,120.5996513,31.9270894
973,1565,120.6216164,31.9576813
974,1566,120.6216985,31.9577889
975,1567,120.6378367,31.9806976
976,1569,120.5817149,31.888005
977,1572,120.5923864,31.9440987
978,1575,120.5819742,31.9264569
979,1576,120.5819167,31.9263239
980,1577,120.5800866,31.9226536
981,1578,120.580027,31.9225324
982,1582,120.5962134,31.9503003
983,1583,120.5922116,31.9441453
984,1585,120.5891451,31.9528149
985,1592,120.5192994,31.9636929
986,1593,120.5163308,31.9635489
987,1594,120.5161591,31.9635392
988,1595,120.5140384,31.9633558
989,1596,120.5060757,31.9624682
990,1597,120.505094,31.9623544
991,1599,120.5732933,31.8374874
992,1609,120.7126674,31.8485064
993,1610,120.7127317,31.8486464
994,1611,120.6561699,31.8798958
995,1614,120.6558338,31.8801148
996,1615,120.6423613,31.8978723
997,1616,120.6489797,31.892836
998,1617,120.6560974,31.8873497
999,1618,120.6437259,31.8878066
1000,1619,120.70741,31.8334828
1001,1622,120.7458052,31.8436004
1002,1623,120.7484903,31.8410903
1003,1624,120.7430979,31.8440681
1004,1625,120.7432513,31.8440599
1005,1626,120.7042224,31.7706581
1006,1627,120.704703,31.7841208
1007,1628,120.7014388,31.8040763
1008,1629,120.6999908,31.8089371
1009,1630,120.7469219,31.7975588
1010,1631,120.7692445,31.829616
1011,1632,120.7699847,31.8297631
1012,1633,120.7992244,31.859112
1013,1634,120.7993488,31.8587652
1014,1635,120.7675925,31.911956
1015,1636,120.7676853,31.9118944
1016,1637,120.7670071,31.9123284
1017,1638,120.7674207,31.9120668
1018,1640,120.7167189,31.8330421
1019,1641,120.7166365,31.8328832
1020,1642,120.7075765,31.8333938
1021,1643,120.7138232,31.8279313
1022,1644,120.7137544,31.827807
1023,1645,120.7116248,31.8230894
1024,1646,120.7603493,31.9308273
1025,1647,120.7622179,31.9182058
1026,1648,120.7622849,31.917966
1027,1649,120.7632827,31.9157209
1028,1650,120.7641802,31.9145561
1029,1653,120.7603346,31.9309212
1030,1654,120.7548248,31.9473529
1031,1655,120.764341,31.9143821
1032,1661,120.7246751,31.9093371
1033,1663,120.358925,31.9466254
1034,1665,120.5394591,31.9055772
1035,1666,120.5274784,31.9076789
1036,1667,120.5273864,31.9076947
1037,1669,120.5833659,31.8951221
1038,1670,120.5841893,31.8949141
1039,1673,120.605484,31.7382412
1040,1674,120.6177824,31.7372562
1041,1675,120.6182052,31.7372074
1042,1676,120.5684255,31.7531332
1043,1677,120.6052237,31.7387925
1044,1679,120.6060479,31.746703
1045,1680,120.6051094,31.7314299
1046,1681,120.6054546,31.7276325
1047,1683,120.6201049,31.8054956
1048,1684,120.6218294,31.7956655
1049,1685,120.6218623,31.7955776
1050,1686,120.6319494,31.7677289
1051,1688,120.6114336,31.7693799
1052,1689,120.631965,31.7676123
1053,1690,120.6414438,31.8188101
1054,1691,120.5548515,31.8112611
1055,1692,120.5626144,31.8102273
1056,1695,120.5454798,31.7837581
1057,1697,120.6256363,31.805809
1058,1698,120.6196687,31.805488
1059,1699,120.6614501,31.848179
1060,1700,120.6623808,31.8455275
1061,1702,120.6641685,31.8487232
1062,1703,120.6620675,31.8492765
1063,1704,120.6648158,31.847487
1064,1705,120.662955,31.8488493
1065,1706,120.6638075,31.8500625
1066,1707,120.6631256,31.8469005
1067,1708,120.6636101,31.8517963
1068,1710,120.6246195,31.8163152
1069,1711,120.6246558,31.8158984
1070,1712,120.6245339,31.8191273
1071,1713,120.6245231,31.8192068
1072,1714,120.6244538,31.8225335
1073,1715,120.6239076,31.82962
1074,1716,120.7059823,31.803978
1075,1717,120.7095524,31.773854
1076,1723,120.5186905,32.0000967
1077,1724,120.5188019,32.0000853
1078,1726,120.5331119,31.8868543
1079,1727,120.5209813,31.8905071
1080,1728,120.5208626,31.8905388
1081,1733,120.6013326,31.9402634
1082,1734,120.5854747,31.9464997
1083,1735,120.6629059,31.8450519
1084,1736,120.6649783,31.8464608
1085,1737,120.6621665,31.846938
1086,1738,120.7040387,31.7836931
1087,1741,120.5626172,31.8103042
1088,1742,120.5548214,31.8113297
1089,1743,120.5766576,31.8044063
1090,1748,120.5669997,31.8785993
1091,1749,120.5688612,31.8780948
1092,1750,120.6054625,31.7697529
1093,1751,120.6057994,31.7696829
1094,1752,120.6083843,31.7695824
1095,1754,120.5261901,31.8107447
1096,1755,120.5154991,31.8132773
1097,1756,120.517207,31.8130288
1098,1757,120.5161039,31.813355
1099,1758,120.5155257,31.8134421
1100,1762,120.6072859,31.7880377
1101,1763,120.6079082,31.781694
1102,1766,120.6079754,31.7825184
1103,1767,120.607441,31.7880083
1104,1770,120.4483921,31.9322428
1105,1771,120.4483714,31.9321689
1106,1773,120.4454585,31.92492
1107,1774,120.4437704,31.9220366
1108,1775,120.4393026,31.9132969
1109,1776,120.4457438,31.9253886
1110,1777,120.4559791,31.8939038
1111,1778,120.5520491,31.9950533
1112,1779,120.5519965,31.9950653
1113,1783,120.5610726,31.8665122
1114,1784,120.5297753,31.91919
1115,1785,120.543991,31.9543251
1116,1786,120.5440435,31.954498
1117,1787,120.5462601,31.9623841
1118,1789,120.6077866,31.7941547
1119,1791,120.574823,31.911225
1120,1792,120.574926,31.9112001
1121,1793,120.5885438,31.9071039
1122,1794,120.5886941,31.9070592
1123,1796,120.5831718,31.8296095
1124,1797,120.5834377,31.8315465
1125,1799,120.4910666,31.8714525
1126,1800,120.4919775,31.8654578
1127,1802,120.5187958,32.0001557
1128,1803,120.4189458,31.9384926
1129,1804,120.6785304,31.7958766
1130,1805,120.6785274,31.8009366
1131,1806,120.67853,31.8056125
1132,1807,120.4603743,31.9314966
1133,1808,120.5402018,31.8709514
1134,1812,120.6870623,31.8080372
1135,1813,120.695707,31.8094726
1136,1814,120.5243477,31.8157181
1137,1816,120.7115693,31.773525
1138,1817,120.7143581,31.7765868
1139,1818,120.581903,31.8317781
1140,1819,120.5784984,31.8328611
1141,1821,120.522863,31.9193375
1142,1822,120.5229812,31.9195962
1143,1823,120.5378147,31.9564218
1144,1824,120.5378394,31.9565499
1145,1825,120.5410054,31.962978
1146,1826,120.5411283,31.9631057
1147,1828,120.6637318,31.8011246
1148,1829,120.5648858,31.8310443
1149,1830,120.5648637,31.8309455
1150,1832,120.6091016,31.889207
1151,1834,120.5563394,31.8307188
1152,1835,120.5739962,31.8311365
1153,1836,120.573138,31.8312412
1154,1837,120.5563333,31.8308883
1155,1838,120.6212672,31.8538532
1156,1839,120.6335857,31.85265
1157,1840,120.6174902,31.8298798
1158,1843,120.6380676,31.8294309
1159,1845,120.6209708,31.8458797
1160,1846,120.6209889,31.8460153
1161,1847,120.6207601,31.8460767
1162,1848,120.6207807,31.8459061
1163,1849,120.6237284,31.8296195
1164,1850,120.624365,31.8225971
1165,1851,120.6243639,31.8224598
1166,1852,120.6244244,31.8192081
1167,1853,120.6244299,31.8191245
1168,1857,120.6061672,31.7440214
1169,1858,120.6058367,31.7440068
1170,1859,120.6059665,31.7431823
1171,1860,120.5937784,31.7702086
1172,1863,120.6083737,31.7696541
1173,1864,120.611553,31.7694928
1174,1865,120.6058098,31.7697787
1175,1866,120.5549343,31.8489691
1176,1868,120.578224,31.8315414
1177,1869,120.5784908,31.8323801
1178,1870,120.5818376,31.8314312
1179,1871,120.5815425,31.8306707
1180,1872,120.5803191,31.8310434
1181,1873,120.5796129,31.8312574
1182,1874,120.5772158,31.8334059
1183,1875,120.5764153,31.831447
1184,1876,120.5755195,31.8354128
1185,1877,120.5407712,31.8400198
1186,1878,120.5415793,31.8389825
1187,1879,120.5751052,31.8352862
1188,1880,120.5777072,31.8311403
1189,1881,120.5822427,31.829774
1190,1882,120.56765,31.845098
1191,1883,120.489523,31.9507552
1192,1884,120.4861935,31.9524785
1193,1888,120.4980084,31.8951186
1194,1889,120.4996903,31.8994821
1195,1891,120.4887691,31.9500059
1196,1893,120.4717388,31.9622008
1197,1896,120.4859092,31.9522458
1198,1897,120.5078167,31.922161
1199,1899,120.4869999,31.9591437
1200,1902,120.4856313,31.9585122
1201,1903,120.6377316,31.980698
1202,1904,120.5254502,31.8823081
1203,1905,120.6216112,31.9578718
1204,1906,120.6215298,31.9577644
1205,1908,120.5037984,31.8724506
1206,1911,120.522267,31.8754396
1207,1912,120.522085,31.8755046
1208,1913,120.516413,31.8772456
1209,1914,120.5162599,31.8772977
1210,1917,120.661063,31.8285552
1211,1918,120.6686778,31.8285484
1212,1920,120.6686725,31.8286901
1213,1921,120.6607656,31.8289406
1214,1922,120.5295568,31.8512421
1215,1923,120.5410837,31.8494989
1216,1924,120.5412752,31.8494953
1217,1925,120.6048002,31.7383243
1218,1928,120.5358902,31.865574
1219,1929,120.526038,31.8413725
1220,1930,120.5274295,31.838318
1221,1931,120.5277689,31.8329792
1222,1932,120.5277741,31.8328519
1223,1933,120.4214682,31.9496753
1224,1934,120.4213353,31.949592
1225,1936,120.3999395,31.9529354
1226,1937,120.401271,31.9522199
1227,1938,120.3987346,31.9539166
1228,1940,120.4052608,31.9513502
1229,1941,120.4637513,31.9207862
1230,1942,120.459354,31.9117371
1231,1943,120.458766,31.9103475
1232,1944,120.4581737,31.9087694
1233,1945,120.4574453,31.9063595
1234,1946,120.4056092,31.9512689
1235,1947,120.4052937,31.9514526
1236,1949,120.4056303,31.9513745
1237,1950,120.497282,31.9521031
1238,1951,120.3982008,31.9540602
1239,1953,120.7060005,31.8054232
1240,1954,120.7058403,31.805387
1241,1955,120.670049,31.8002579
1242,1957,120.553844,31.8951454
1243,1961,120.5578489,31.8816627
1244,1963,120.5569346,31.8817165
1245,1964,120.5580094,31.8813828
1246,1970,120.5658302,31.8788948
1247,1971,120.4619375,32.0136632
1248,1972,120.4619946,32.0135307
1249,1973,120.4621663,32.0135834
1250,1974,120.4620982,32.0137301
1251,1976,120.5500264,31.9528068
1252,1977,120.5500853,31.9529677
1253,1978,120.5532171,31.9613645
1254,1979,120.5533121,31.9615785
1255,1981,120.5531586,31.9615932
1256,1982,120.5530413,31.9613906
1257,1983,120.549913,31.9529928
1258,1984,120.5498627,31.9528309
1259,1985,120.4604292,31.9316028
1260,1986,120.4277753,31.9442845
1261,1987,120.4838647,31.9244631
1262,1988,120.513794,31.9198834
1263,1989,120.5139462,31.920024
1264,1990,120.5050871,31.9205027
1265,1991,120.5049942,31.9205009
1266,1992,120.4853154,31.9241899
1267,1993,120.484687,31.924372
1268,1994,120.4839476,31.924609
1269,1997,120.4974291,31.9523637
1270,1998,120.4836333,31.9250093
1271,1999,120.4850982,31.9245189
1272,2000,120.6047103,31.8928326
1273,2001,120.6040442,31.8912137
1274,2005,120.6731296,31.9289789
1275,2008,120.6732068,31.9290495
1276,2009,120.5180061,31.9876447
1277,2010,120.5181866,31.9876452
1278,2011,120.5447659,31.9842389
1279,2012,120.5181872,31.9875621
1280,2013,120.5180059,31.9875595
1281,2016,120.7733349,31.8394631
1282,2017,120.5853351,31.8981319
1283,2018,120.5855215,31.8980445
1284,2019,120.5751722,31.9291788
1285,2020,120.5651348,31.904328
1286,2021,120.6130726,31.8990076
1287,2022,120.6357507,31.8921632
1288,2023,120.5216718,31.8386103
1289,2024,120.5407625,31.8381736
1290,2025,120.5410643,31.963113
1291,2026,120.5409363,31.9629912
1292,2027,120.5377758,31.9565667
1293,2028,120.5377499,31.9564329
1294,2029,120.522883,31.9196049
1295,2030,120.5227603,31.9193409
1296,2033,120.6088998,31.7698977
1297,2034,120.6088951,31.7693059
1298,2035,120.4721517,31.928057
1299,2038,120.4713099,31.9281944
1300,2040,120.6182978,31.8191766
1301,2041,120.618316,31.8190803
1302,2045,120.5060023,31.9261527
1303,2046,120.5072976,31.9299826
1304,2047,120.5057564,31.9260443
1305,2048,120.5242931,31.8172302
1306,2052,120.6470622,31.9241989
1307,2053,120.6510927,31.9253635
1308,2055,120.6491569,31.9279098
1309,2057,120.6881486,31.9587627
1310,2058,120.6928287,31.9599044
1311,2060,120.6968002,31.9612529
1312,2061,120.6931264,31.959899
1313,2062,120.6935418,31.9577601
1314,2063,120.693952,31.9579704
1315,2069,120.7174123,32.048185
1316,2072,120.7175738,32.048162
1317,2074,120.6503071,31.9243361
1318,2076,120.6464929,31.9203698
1319,2079,120.6987132,31.9630746
1320,2082,120.4746083,32.0171566
1321,2083,120.4744844,32.0172856
1322,2085,120.4979409,31.8829008
1323,2086,120.4978527,31.8827211
1324,2087,120.4943998,31.8755441
1325,2088,120.49434,31.8753517
1326,2089,120.4942578,31.8683276
1327,2090,120.4944007,31.8683478
1328,2091,120.4945051,31.8753013
1329,2092,120.4945448,31.8754939
1330,2093,120.4980327,31.8826687
1331,2094,120.4981149,31.8828495
1332,2096,120.4901386,31.8666376
1333,2097,120.491399,31.8633424
1334,2112,120.4722287,31.9619672
1335,2113,120.5486944,31.9833141
1336,2114,120.5488851,31.9832865
1337,2115,120.5531492,31.9822769
1338,2116,120.5140712,31.9631932
1339,2117,120.6443743,31.9273275
1340,2118,120.6469661,31.9281778
1341,2119,120.6442585,31.9274145
1342,2120,120.7773229,31.8314729
1343,2121,120.7784102,31.8299306
1344,2122,120.7800639,31.8301284
1345,2123,120.7797099,31.8299957
1346,2125,120.7801684,31.8299831
1347,2126,120.7798435,31.8298382
1348,2128,120.7432477,31.8441301
1349,2129,120.7431029,31.8441279
1350,2133,120.6437849,31.9298014
1351,2138,120.6472391,31.9242272
1352,2140,120.6487442,31.9227845
1353,2141,120.5763277,31.9243692
1354,2142,120.5762826,31.9242546
1355,2144,120.5748628,31.9294691
1356,2145,120.5748027,31.9293481
1357,2146,120.6164215,31.9626099
1358,2149,120.5706528,31.9588001
1359,2151,120.5704772,31.9588473
1360,2154,120.5034318,31.9616322
1361,2155,120.5050264,31.9617141
1362,2156,120.5061966,31.9622586
1363,2157,120.5050314,31.9621207
1364,2158,120.5049493,31.9627414
1365,2159,120.5040161,31.9625266
1366,2160,120.4830061,31.954725
1367,2161,120.4838535,31.9578828
1368,2164,120.4734265,31.9557566
1369,2165,120.4840278,31.9584751
1370,2167,120.4794983,31.9572464
1371,2168,120.4737775,31.9553702
1372,2173,120.4821062,31.9547178
1373,2176,120.480172,31.9569272
1374,2178,120.5076916,31.9230956
1375,2184,120.5078291,31.9282171
1376,2191,120.5579516,31.8512966
1377,2192,120.5563296,31.8504123
1378,2195,120.5598253,31.8502065
1379,2196,120.5575907,31.8528385
1380,2197,120.5418111,31.85352
1381,2198,120.5417734,31.8533702
1382,2199,120.5419513,31.8533133
1383,2200,120.5419904,31.8534685
1384,2202,120.5580098,31.853611
1385,2203,120.5723085,31.8516525
1386,2204,120.572553,31.8515982
1387,2206,120.5904627,31.8502121
1388,2207,120.5896072,31.8502082
1389,2209,120.5571063,31.8810641
1390,2210,120.5664966,31.878376
1391,2211,120.5661055,31.8786976
1392,2212,120.5286965,31.8876124
1393,2213,120.5010925,31.9037658
1394,2216,120.4954339,31.9004323
1395,2217,120.4954657,31.9002843
1396,2219,120.4970578,31.9005672
1397,2223,120.497205,31.9006884
1398,2226,120.4987246,31.8977534
1399,2229,120.4928686,31.8632331
1400,2233,120.4916669,31.8680228
1401,2235,120.4916956,31.8632894
1402,2239,120.4900533,31.8661264
1403,2246,120.5186445,31.884668
1404,2248,120.5187404,31.884641
1405,2251,120.5225713,31.8142631
1406,2252,120.5224318,31.8141309
1407,2254,120.5266485,31.8415294
1408,2255,120.5025712,31.8626081
1409,2256,120.572619,31.8517925
1410,2257,120.5723651,31.8518379
1411,2258,120.5580483,31.8538082
1412,2261,120.5895498,31.850076
1413,2262,120.5904879,31.8500758
1414,2265,120.6202216,31.8298392
1415,2266,120.643071,31.8292401
1416,2267,120.6570306,31.8288885
1417,2269,120.66882,31.8285536
1418,2270,120.6688087,31.8286904
1419,2273,120.6570607,31.8290091
1420,2274,120.6430758,31.8293304
1421,2282,120.6376352,31.8291034
1422,2289,120.6855958,31.9491369
1423,2292,120.6845149,31.9483494
1424,2295,120.6767325,31.9424239
1425,2301,120.6772016,31.9425302
1426,2308,120.6164976,31.9627153
1427,2309,120.6700248,31.9778701
1428,2310,120.5844833,31.8956972
1429,2311,120.5839649,31.8943165
1430,2312,120.5623706,31.9140881
1431,2313,120.5623329,31.9139826
1432,2316,120.6085141,31.7698395
1433,2317,120.6085103,31.769435
1434,2318,120.6039429,31.8909674
1435,2319,120.5972552,31.8728504
1436,2320,120.7105174,31.7736957
1437,2325,120.399191,31.9535589
1438,2326,120.3991623,31.9535858
1439,2327,120.3986152,31.9538303
1440,2328,120.3989655,31.9534208
1441,2329,120.3946904,31.9583195
1442,2332,120.3967948,31.9504804
1443,2333,120.3997501,31.9582717
1444,2334,120.4277103,31.9441986
1445,2335,120.3871335,31.9544376
1446,2343,120.5541006,31.8764327
1447,2345,120.583587,31.8563873
1448,2348,120.5649244,31.9035233
1449,2359,120.4923986,31.8762367
1450,2360,120.4923275,31.8760354
1451,2363,120.4955193,31.8836477
1452,2365,120.4954122,31.8834556
1453,2369,120.5031803,31.8932635
1454,2370,120.5030248,31.8933132
1455,2371,120.4996015,31.8943607
1456,2372,120.4995609,31.8942607
1457,2373,120.5029966,31.8931966
1458,2374,120.5031177,31.893158
1459,2377,120.5051711,31.8463793
1460,2378,120.4994928,31.8425986
1461,2380,120.4995367,31.8424979
1462,2381,120.5053239,31.8462678
1463,2385,120.6125143,31.8991802
1464,2386,120.6125954,31.8993655
1465,2389,120.6414133,31.8189082
1466,2394,120.6193768,31.8054604
1467,2402,120.5847517,31.8633834
1468,2403,120.5843127,31.8607844
1469,2404,120.5751242,31.8627312
1470,2407,120.5749852,31.8627658
1471,2422,120.5071558,31.8800034
1472,2425,120.5072478,31.8801949
1473,2427,120.5089413,31.8841858
1474,2428,120.5086815,31.8842801
1475,2429,120.5086306,31.8841593
1476,2430,120.5088913,31.8840684
1477,2450,120.6124113,31.8994193
1478,2451,120.6123452,31.8992313
1479,2455,120.615484,31.8544873
1480,2456,120.6202466,31.8539651
1481,2457,120.6209068,31.8538927
1482,2458,120.6339275,31.8526235
1483,2459,120.6408149,31.8519484
1484,2471,120.5192828,31.9635377
1485,2477,120.5297307,31.9189924
1486,2478,120.5296419,31.9190007
1487,2481,120.5368528,31.9186825
1488,2482,120.530872,31.9190634
1489,2484,120.5303951,31.9190026
1490,2485,120.5363582,31.9186406
1491,2489,120.5618866,31.9141913
1492,2490,120.5581478,31.9149804
1493,2491,120.5581218,31.9148848
1494,2492,120.5618475,31.9140947
1495,2493,120.5245282,31.9192392
1496,2494,120.5415948,31.9179704
1497,2495,120.5413991,31.9182048
1498,2496,120.5245624,31.9195197
1499,2502,120.6615055,31.8923353
1500,2503,120.6615528,31.8924969
1501,2505,120.5894036,31.8508429
1502,2506,120.5894751,31.8494273
1503,2507,120.5882682,31.8495013
1504,2508,120.5883156,31.8508303
1505,2510,120.4566471,31.9089084
1506,2514,120.4601666,31.9104712
1507,2521,120.4676801,31.9299589
1508,2522,120.4672941,31.929026
1509,2527,120.5694786,31.9401071
1510,2530,120.5695439,31.940213
1511,2531,120.5906009,31.8596223
1512,2532,120.5888308,31.8606102
1513,2533,120.5888038,31.85943
1514,2534,120.5913282,31.8593756
1515,2537,120.705221,31.8536393
1516,2538,120.7051552,31.853684
1517,2544,120.7050472,31.8535573
1518,2545,120.7051163,31.8535065
1519,2553,120.5535412,31.9821602
1520,2554,120.5607287,31.9805167
1521,2563,120.6925316,31.9129257
1522,2566,120.6926458,31.9130325
1523,2571,120.4207999,31.9580535
1524,2572,120.4208037,31.9582036
1525,2573,120.4208663,31.9616951
1526,2575,120.6880596,31.9588342
1527,2582,120.4059152,31.9368431
1528,2583,120.3751105,31.9475886
1529,2586,120.3873113,31.9545586
1530,2595,120.4207705,31.9569254
1531,2602,120.5805043,31.8316632
1532,2603,120.579644,31.8319945
1533,2607,120.6041973,31.8064083
1534,2608,120.6037515,31.8064218
1535,2609,120.6071585,31.7917907
1536,2610,120.6068529,31.7917832
1537,2611,120.6078402,31.7854402
1538,2612,120.6073801,31.7856473
1539,2613,120.6083993,31.7796058
1540,2614,120.6079593,31.7796605
1541,2615,120.6088763,31.768281
1542,2616,120.6084464,31.7685474
1543,2617,120.6080862,31.7595875
1544,2618,120.6076171,31.7595775
1545,2619,120.604892,31.7344373
1546,2620,120.6052894,31.7344379
1547,2624,120.6210369,31.8538784
1548,2631,120.5971678,31.8726005
1549,2632,120.6051583,31.8028673
1550,2633,120.6067453,31.7942045
1551,2634,120.6067528,31.7941209
1552,2635,120.630643,31.8614968
1553,2636,120.5640352,31.9001568
